Method,RMSE,MAE,Bias,Var(error),Successes,Failures,N
SARIMA + Break Dummy (oracle Tb),1.241782247922833,0.8109224580356782,0.49937029464254135,1.292652460084906,5,0,5
Holt-Winters (additive),1.2859561575193057,0.9932737911449017,0.3915874291177121,1.5003425244187976,5,0,5
Simple Exp. Smoothing (SES),1.3032950898614264,1.0350107408048426,0.3737771619456539,1.5588687244647559,5,0,5
SARIMA Rolling,1.517131487133252,1.138492672011677,0.5099077719160331,2.0416820133907794,5,0,5
SARIMA Global,1.691651016657471,1.1175434661351034,0.7321957830799249,2.3255724973982312,5,0,5
