Method,RMSE,MAE,Bias,Var(error),Successes,Failures,N
SARIMA + Break Dummy (oracle Tb),0.3808657563326234,0.36803517240864786,-0.11210578101199638,0.13249101821051154,3,0,3
Simple Exp. Smoothing (SES),0.7528313655346254,0.7454715537269672,-0.3177957502417897,0.4657609260609867,3,0,3
SARIMA Global,0.9394648287370183,0.8138748049948455,0.17089108368301065,0.8533904019515214,3,0,3
SARIMA Rolling,0.9459615623555497,0.8265182321641618,0.1582476565136944,0.8698009566620767,3,0,3
Holt-Winters (additive),1.07898656613564,0.8953424634147469,-0.8953424634147469,0.3625738831075926,3,0,3
