Method,RMSE,MAE,Bias,Variance,Successes,Failures,N
MS AR,0.4446917968292866,0.43496646565203817,-0.08580541154774257,0.1903882255163821,3,0,3
Global SARIMA,1.0056284734846848,0.8967440073365376,-0.08348643043421466,1.0043186426164903,3,0,3
Rolling SARIMA,1.0056599143031297,0.9482323137505256,-0.18062023253997173,0.9787281948333849,3,0,3
