Method,RMSE,MAE,Bias,Variance,N,Persistence
MS AR,1.1426000516924022,0.8921690290156759,0.025299518614480723,1.3048948124853559,300,0.9
Global SARIMA,1.1694507543069215,0.9117005470470458,0.004057964101049117,1.3675985996763818,300,0.9
Rolling SARIMA,1.1874680559133188,0.9256507788404315,0.005927188719228606,1.410045252248444,300,0.9
