Method,RMSE,MAE,Bias,Variance,N,Persistence
MS AR,1.031787523564592,0.8042929360434155,-0.010238436445407336,1.0644806682027068,300,0.99
Rolling SARIMA,1.0668301418490729,0.8408400642311148,-0.012241457929295619,1.1379766982654784,300,0.99
Global SARIMA,1.0974023428361168,0.8514988567226773,-0.05818879304184385,1.2009059664265316,300,0.99
