Method,RMSE,MAE,Bias,Variance,Successes,Failures,N
Rolling SARIMA,0.9106007856176678,0.6792449817504204,0.021178868437514393,0.8287452462992199,300,0,300
MS AR,1.050176952850015,0.7117607151467117,-0.013834993271383352,1.1026802252585237,300,0,300
Global SARIMA,1.093118674096982,0.7950503570134515,0.05263351894722194,1.1921381483427762,300,0,300
