Method,RMSE,MAE,Bias,Variance,Successes,Failures,N
MS AR,0.8955309769468784,0.7545899179987616,0.7545899179987616,0.23256978632605255,3,0,3
Rolling SARIMA,0.897695142125417,0.7807295892836749,0.41262308821547317,0.6355987552670985,3,0,3
Global SARIMA,0.9491024621530298,0.8390726992892797,0.3808839674508148,0.75572288700387,3,0,3
