Method,RMSE,MAE,Bias,Variance,Coverage80,Coverage95,LogScore,Successes,Failures,N,Break Type
GARCH,2.519484461964722,2.423699278099285,1.1158723033892077,5.102630956610526,0.3333333333333333,1.0,-2.5134030875816458,3,0,3,Single
SARIMA Rolling,2.7446455153120946,2.642884257599759,1.2674840634263436,5.9265631536830385,0.3333333333333333,0.6666666666666666,-2.964722610580497,3,0,3,Single
SARIMA Global,2.78161506173049,2.665112924110465,1.3127436177156748,6.014086545792679,0.3333333333333333,0.6666666666666666,-3.1608644027602586,3,0,3,Single
SARIMA Avg-Window,2.9577917619550735,2.8270382815040507,1.2790905289230239,7.112459525908718,0.3333333333333333,0.6666666666666666,-2.8605953507335222,3,0,3,Single
