Method,RMSE,MAE,Bias,Variance,Coverage80,Coverage95,LogScore,N,Break Type
MS AR(1),1.5991931972056648,1.2332514174953506,0.27135714040290526,2.4837841843412347,0.7333333333333333,0.8,-2.3697984272881047,30,Recurring (p=0.95)
SARIMA Avg-Window,1.6516384739615744,1.232871736665881,0.2587582224229536,2.660953830998632,0.7333333333333333,0.8666666666666667,-2.005286841638354,30,Recurring (p=0.95)
SARIMA Global,1.6730986787141329,1.2666975121955775,0.28625373050978226,2.71731799048421,0.7333333333333333,0.8666666666666667,-2.01373763511573,30,Recurring (p=0.95)
SARIMA Rolling,1.6982360444742353,1.2890423719748463,0.20598858976505513,2.8415743636381006,0.7333333333333333,0.8666666666666667,-2.0507264271418517,30,Recurring (p=0.95)
